DELETE FROM booking_services;
DELETE FROM bookings;
DELETE FROM services;
DELETE FROM rooms;
DELETE FROM guests;

INSERT INTO rooms (id, number, capacity, stars, price_per_night, is_under_maintenance) VALUES
(1,101,1,3,2600,false),
(2,102,2,4,4300,false),
(3,103,1,2,1900,false),
(4,104,2,3,3200,true),
(5,201,2,5,6500,false),
(6,202,3,5,7800,true),
(7,203,3,4,7000,false),
(8,204,4,4,7400,false),
(9,301,1,3,3000,false),
(10,302,2,3,4000,false),
(11,303,4,5,9200,false),
(12,304,2,2,2200,false),
(13,305,1,4,3600,false),
(14,306,3,4,6900,false),
(15,401,2,5,8100,false),
(16,402,4,5,9800,false),
(17,403,1,3,3100,false),
(18,404,2,4,4500,false);

INSERT INTO guests (id, name) VALUES
(1,'Ivan Petrov'),
(2,'Anna Smirnova'),
(3,'John Smith'),
(4,'Maria Garcia'),
(5,'Alex Johnson'),
(6,'Svetlana Ivanova'),
(7,'Chen Wei'),
(8,'Pierre Dupont'),
(9,'Laura Rossi'),
(10,'Michael Brown'),
(11,'Yuki Tanaka'),
(12,'Carlos Mendes'),
(13,'Olga Kuznetsova'),
(14,'Thomas Müller'),
(15,'Emma Wilson'),
(16,'Lucas Martin'),
(17,'Sophia Lee'),
(18,'Daniel Novak'),
(19,'Andrei Popescu'),
(20,'Fatima Al-Zahra');

INSERT INTO services (id, name, price, date) VALUES
(1,'Breakfast',900,'2026-03-10'),
(2,'Spa',2700,'2026-03-11'),
(3,'Airport transfer',2000,'2026-03-09'),
(4,'Laundry',700,'2026-03-12'),
(5,'Dinner',2200,'2026-02-10'),
(6,'Gym',1300,'2026-02-11'),
(7,'Massage',3200,'2026-02-12'),
(8,'Mini-bar',1600,'2026-02-11'),
(9,'Room service',1100,'2026-02-10'),
(10,'Conference hall',5200,'2026-02-09'),
(11,'Late check-out',1500,'2026-02-13'),
(12,'Early check-in',1400,'2026-01-13'),
(13,'City tour',3500,'2026-01-14'),
(14,'Parking',800,'2026-01-10'),
(15,'Pet accommodation',2000,'2026-01-10');

INSERT INTO bookings (id, guest_id, room_id, check_in_date, check_out_date) VALUES
(1,1,1,'2026-03-10','2026-03-14'),
(2,2,2,'2026-03-11','2026-03-16'),
(3,3,5,'2026-03-09','2026-03-13'),
(4,4,7,'2026-03-12','2026-03-18'),
(5,5,10,'2026-03-10','2026-03-11'),
(6,6,9,'2026-03-08','2026-03-10'),
(7,7,11,'2026-03-13','2026-03-20'),
(8,8,12,'2026-03-09','2026-03-11'),
(9,9,3,'2026-03-10','2026-03-17'),
(10,10,8,'2026-03-12','2026-03-15'),
(11,11,1,'2026-03-18','2026-03-21'),
(12,12,2,'2026-03-19','2026-03-24'),
(13,13,13,'2026-02-01','2026-02-05'),
(14,14,14,'2026-02-02','2026-02-09'),
(15,15,15,'2026-02-05','2026-02-12'),
(16,16,16,'2026-02-10','2026-02-18'),
(17,17,17,'2026-02-15','2026-02-17'),
(18,18,18,'2026-02-20','2026-02-25'),
(19,19,5,'2026-01-05','2026-01-12'),
(20,20,7,'2026-01-10','2026-01-15');

INSERT INTO booking_services (booking_id, service_id) VALUES
(1,1),(1,5),(1,14),
(2,1),(2,2),(2,6),
(3,3),
(4,1),(4,4),(4,5),(4,11),
(5,6),
(7,7),(7,8),(7,9),
(8,9),
(9,1),(9,13),
(10,1),(10,6),
(11,11),
(12,10),
(13,1),(13,15),
(14,2),(14,7),
(15,1),(15,5),(15,11),
(16,1),(16,2),(16,7),(16,13),
(17,14),
(18,1),(18,12),
(19,1),(19,5),(19,13),
(20,3),(20,11);
